{
    "total_queries": 249,
    "wo_rerank_Acc1": 0.0963855421686747,
    "wo_rerank_Acc5": 0.42168674698795183,
    "wo_rerank_Acc10": 0.570281124497992,
    "wo_rerank_Mrr": 0.2241544468002935,
    "in_rerank_ratio": 0.606425702811245,
    "Acc1": 0.028112449799196786,
    "Acc5": 0.24899598393574296,
    "Acc10": 0.4819277108433735,
    "Mrr": 0.1350578815631672,
    "in_final_ratio": 0.5903614457831325
}