{
    "total_queries": 876,
    "wo_rerank_Acc1": 0.14269406392694065,
    "wo_rerank_Acc5": 0.5365296803652968,
    "wo_rerank_Acc10": 0.7420091324200914,
    "wo_rerank_Mrr": 0.3045869929138467,
    "in_rerank_ratio": 0.8184931506849316,
    "Acc1": 0.273972602739726,
    "Acc5": 0.6004566210045662,
    "Acc10": 0.7431506849315068,
    "Mrr": 0.4197424790374708,
    "in_final_ratio": 0.8207762557077626
}