{
    "total_queries": 627,
    "wo_rerank_Acc1": 0.16108452950558214,
    "wo_rerank_Acc5": 0.5821371610845295,
    "wo_rerank_Acc10": 0.810207336523126,
    "wo_rerank_Mrr": 0.3365291045283203,
    "in_rerank_ratio": 0.9027113237639554,
    "Acc1": 0.37161084529505584,
    "Acc5": 0.7400318979266348,
    "Acc10": 0.84688995215311,
    "Mrr": 0.5327990416708064,
    "in_final_ratio": 0.9122807017543859
}