{
    "total_queries": 2043,
    "wo_rerank_Acc1": 0.11600587371512482,
    "wo_rerank_Acc5": 0.36123348017621143,
    "wo_rerank_Acc10": 0.5594713656387665,
    "wo_rerank_Mrr": 0.23040493764858413,
    "in_rerank_ratio": 0.6970141948115517,
    "Acc1": 0.24786431718061673,
    "Acc5": 0.52036588350465,
    "Acc10": 0.6363296133137542,
    "Mrr": 0.3626189378350666,
    "in_final_ratio": 0.6916299559471366
}