{
    "total_queries": 632,
    "wo_rerank_Acc1": 0.03164556962025317,
    "wo_rerank_Acc5": 0.24841772151898733,
    "wo_rerank_Acc10": 0.40664556962025317,
    "wo_rerank_Mrr": 0.12736068053542415,
    "Acc1": 0.015822784810126583,
    "Acc5": 0.20727848101265822,
    "Acc10": 0.40031645569620256,
    "Mrr": 0.11016389710607455,
    "in_rerank_ratio": 0.49683544303797467,
    "in_final_ratio": 0.4920886075949367
}