{
    "total_queries": 1411,
    "wo_rerank_Acc1": 0.16725726435152374,
    "wo_rerank_Acc5": 0.43231750531537916,
    "wo_rerank_Acc10": 0.6513111268603827,
    "wo_rerank_Mrr": 0.2922654881125848,
    "in_rerank_ratio": 0.8065201984408221,
    "Acc1": 0.2827781715095677,
    "Acc5": 0.625797306874557,
    "Acc10": 0.7363571934798016,
    "Mrr": 0.43279317788970184,
    "in_final_ratio": 0.8029766123316796
}