{
    "total_queries": 732,
    "Acc1": 0.025956284153005466,
    "Acc5": 0.20355191256830601,
    "Acc10": 0.39617486338797814,
    "Mrr": 0.11462216488671871,
    "in_rerank_ratio": 0.505464480874317,
    "in_final_ratio": 0.4959016393442623
}