{
    "total_queries": 1330,
    "wo_rerank_Acc1": 0.11353383458646617,
    "wo_rerank_Acc5": 0.4556390977443609,
    "wo_rerank_Acc10": 0.6022556390977444,
    "wo_rerank_Mrr": 0.25459443336510396,
    "in_rerank_ratio": 0.6165413533834586,
    "Acc1": 0.07218045112781955,
    "Acc5": 0.4263157894736842,
    "Acc10": 0.5992481203007519,
    "Mrr": 0.21440697401134645,
    "in_final_ratio": 0.6135338345864662
}