{
    "total_queries": 2737,
    "wo_rerank_Acc1": 0.1720862257946657,
    "wo_rerank_Acc5": 0.5747168432590427,
    "wo_rerank_Acc10": 0.7500913408841797,
    "wo_rerank_Mrr": 0.3358150754328333,
    "in_rerank_ratio": 0.782608695652174,
    "Acc1": 0.23894775301424917,
    "Acc5": 0.6218487394957983,
    "Acc10": 0.7559371574716843,
    "Mrr": 0.39524116352100347,
    "in_final_ratio": 0.7785896967482645
}