{
    "total_queries": 1407,
    "wo_rerank_Acc1": 0.22743425728500355,
    "wo_rerank_Acc5": 0.6872778962331201,
    "wo_rerank_Acc10": 0.8898365316275764,
    "wo_rerank_Mrr": 0.41259080674063486,
    "in_rerank_ratio": 0.9395877754086709,
    "Acc1": 0.39658848614072495,
    "Acc5": 0.806680881307747,
    "Acc10": 0.9040511727078892,
    "Mrr": 0.566178954599782,
    "in_final_ratio": 0.9346126510305615
}