{
    "total_queries": 876,
    "Acc1": 0.2545662100456621,
    "Acc5": 0.476027397260274,
    "Acc10": 0.5559360730593608,
    "Mrr": 0.34938483003551507
}