{
    "total_queries": 627,
    "Acc1": 0.35566188197767146,
    "Acc5": 0.6650717703349283,
    "Acc10": 0.7767145135566188,
    "Mrr": 0.4881357433989014
}