{
    "total_queries": 1407,
    "Acc1": 0.30774697938877044,
    "Acc5": 0.572139303482587,
    "Acc10": 0.7100213219616205,
    "Mrr": 0.425455771031464
}