{
    "total_queries": 2737,
    "Acc1": 0.15820241139934235,
    "Acc5": 0.29411764705882354,
    "Acc10": 0.3649981731823164,
    "Mrr": 0.21871255748676283
}