{
    "total_queries": 2043,
    "wo_rerank_Acc1": 0.06363191385217817,
    "wo_rerank_Acc5": 0.26138032305433184,
    "wo_rerank_Acc10": 0.3945178658835046,
    "wo_rerank_Mrr": 0.15353062793859176,
    "in_rerank_ratio": 0.7273617229564366,
    "Acc1": 0.12236906510034264,
    "Acc5": 0.37591776798825255,
    "Acc10": 0.5051395007342144,
    "Mrr": 0.2354806830454292,
    "in_final_ratio": 0.6994615761135585
}