{
    "total_queries": 632,
    "wo_rerank_Acc1": 0.02531645569620253,
    "wo_rerank_Acc5": 0.21044303797468356,
    "wo_rerank_Acc10": 0.3291139240506329,
    "wo_rerank_Mrr": 0.10890574802431643,
    "in_rerank_ratio": 0.5015822784810127,
    "Acc1": 0.023734177215189875,
    "Acc5": 0.189873417721519,
    "Acc10": 0.31170886075949367,
    "Mrr": 0.09949132570423959,
    "in_final_ratio": 0.4699367088607595
}