{
    "total_queries": 1411,
    "wo_rerank_Acc1": 0.08079376328844791,
    "wo_rerank_Acc5": 0.2841956059532247,
    "wo_rerank_Acc10": 0.4238128986534373,
    "wo_rerank_Mrr": 0.17351852595830997,
    "in_rerank_ratio": 0.8284904323175053,
    "Acc1": 0.16654854712969525,
    "Acc5": 0.4592487597448618,
    "Acc10": 0.5917788802267895,
    "Mrr": 0.29639157875034255,
    "in_final_ratio": 0.8022678951098512
}