{
    "total_queries": 1411,
    "wo_rerank_Acc1": 0.16513111268603828,
    "wo_rerank_Acc5": 0.4301913536498937,
    "wo_rerank_Acc10": 0.6428065201984409,
    "wo_rerank_Mrr": 0.28960552834120035,
    "in_rerank_ratio": 0.8036853295535081,
    "Acc1": 0.2841956059532247,
    "Acc5": 0.6293408929836996,
    "Acc10": 0.735648476257973,
    "Mrr": 0.4336123486240956,
    "in_final_ratio": 0.8015591778880227
}