{
    "total_queries": 2737,
    "wo_rerank_Acc1": 0.1709901351845086,
    "wo_rerank_Acc5": 0.5681402995981001,
    "wo_rerank_Acc10": 0.7460723419802704,
    "wo_rerank_Mrr": 0.3327236996284763,
    "in_rerank_ratio": 0.7807818779685788,
    "Acc1": 0.23346729996346366,
    "Acc5": 0.6134453781512605,
    "Acc10": 0.7497259773474607,
    "Mrr": 0.3887507079401623,
    "in_final_ratio": 0.7756667884545122
}