{
    "total_queries": 1407,
    "wo_rerank_Acc1": 0.224591329068941,
    "wo_rerank_Acc5": 0.6780383795309168,
    "wo_rerank_Acc10": 0.8841506751954513,
    "wo_rerank_Mrr": 0.407240175186344,
    "in_rerank_ratio": 0.9367448471926084,
    "Acc1": 0.39090262970859985,
    "Acc5": 0.8031272210376688,
    "Acc10": 0.8990760483297797,
    "Mrr": 0.559636717549939,
    "in_final_ratio": 0.9317697228144989
}