{
    "total_queries": 1330,
    "wo_rerank_Acc1": 0.11428571428571428,
    "wo_rerank_Acc5": 0.4518796992481203,
    "wo_rerank_Acc10": 0.6,
    "wo_rerank_Mrr": 0.2538931123277821,
    "in_rerank_ratio": 0.6157894736842106,
    "Acc1": 0.06691729323308271,
    "Acc5": 0.412781954887218,
    "Acc10": 0.5917293233082707,
    "Mrr": 0.20797129777402806,
    "in_final_ratio": 0.6105263157894737
}