{
    "total_queries": 1330,
    "wo_rerank_Acc1": 0.10902255639097744,
    "wo_rerank_Acc5": 0.42406015037593986,
    "wo_rerank_Acc10": 0.5789473684210527,
    "wo_rerank_Mrr": 0.24413581488894287,
    "in_rerank_ratio": 0.6796992481203008,
    "Acc1": 0.09022556390977443,
    "Acc5": 0.39323308270676693,
    "Acc10": 0.544360902255639,
    "Mrr": 0.2156933386949053,
    "in_final_ratio": 0.6345864661654136
}