{
    "total_queries": 2737,
    "wo_rerank_Acc1": 0.14066496163682865,
    "wo_rerank_Acc5": 0.49141395688710265,
    "wo_rerank_Acc10": 0.649616368286445,
    "wo_rerank_Mrr": 0.28675020063009865,
    "in_rerank_ratio": 0.81439532334673,
    "Acc1": 0.17720131530873218,
    "Acc5": 0.535257581293387,
    "Acc10": 0.6784800876872488,
    "Mrr": 0.326871220190941,
    "in_final_ratio": 0.7804165144318597
}