{
    "total_queries": 1407,
    "wo_rerank_Acc1": 0.17057569296375266,
    "wo_rerank_Acc5": 0.5550817341862118,
    "wo_rerank_Acc10": 0.7164179104477612,
    "wo_rerank_Mrr": 0.32703245580830304,
    "in_rerank_ratio": 0.9417199715707179,
    "Acc1": 0.2594171997157072,
    "Acc5": 0.6695095948827292,
    "Acc10": 0.8052594171997157,
    "Mrr": 0.43196474001306207,
    "in_final_ratio": 0.9182658137882018
}