{
    "total_queries": 2043,
    "Acc1": 0.19579050416054822,
    "Acc5": 0.39255996084189915,
    "Acc10": 0.4845814977973568,
    "Mrr": 0.2828096714293485
}