{
    "total_queries": 1411,
    "Acc1": 0.28348688873139616,
    "Acc5": 0.5683912119064494,
    "Acc10": 0.7016300496102055,
    "Mrr": 0.4094827489228625
}