{
    "total_queries": 249,
    "wo_rerank_Acc1": 0.0963855421686747,
    "wo_rerank_Acc5": 0.41767068273092367,
    "wo_rerank_Acc10": 0.6024096385542169,
    "wo_rerank_Mrr": 0.22667195588882352,
    "in_rerank_ratio": 0.6305220883534136,
    "Acc1": 0.05220883534136546,
    "Acc5": 0.3373493975903614,
    "Acc10": 0.5863453815261044,
    "Mrr": 0.18239318649721883,
    "in_final_ratio": 0.6305220883534136
}