{
    "total_queries": 627,
    "wo_rerank_Acc1": 0.19138755980861244,
    "wo_rerank_Acc5": 0.631578947368421,
    "wo_rerank_Acc10": 0.8740031897926634,
    "wo_rerank_Mrr": 0.3771890682170351,
    "in_rerank_ratio": 0.9393939393939394,
    "Acc1": 0.39872408293460926,
    "Acc5": 0.8197767145135566,
    "Acc10": 0.9074960127591707,
    "Mrr": 0.5715128211069764,
    "in_final_ratio": 0.9393939393939394
}