{
    "total_queries": 876,
    "wo_rerank_Acc1": 0.16552511415525115,
    "wo_rerank_Acc5": 0.560634703196347,
    "wo_rerank_Acc10": 0.7145205479452054,
    "wo_rerank_Mrr": 0.3314816141154487,
    "in_rerank_ratio": 0.8550228310502284,
    "Acc1": 0.3164360730593607,
    "Acc5": 0.6346575342465754,
    "Acc10": 0.762334703196347,
    "Mrr": 0.4463186418984174,
    "in_final_ratio": 0.8550228310502284
}