{
    "total_queries": 876,
    "wo_rerank_Acc1": 0.1187214611872146,
    "wo_rerank_Acc5": 0.432648401826484,
    "wo_rerank_Acc10": 0.6255707762557078,
    "wo_rerank_Mrr": 0.25273957442146916,
    "in_rerank_ratio": 0.8378995433789954,
    "Acc1": 0.17465753424657535,
    "Acc5": 0.5296803652968036,
    "Acc10": 0.6963470319634704,
    "Mrr": 0.3310915891185937,
    "in_final_ratio": 0.815068493150685
}