{
    "total_queries": 249,
    "wo_rerank_Acc1": 0.09236947791164658,
    "wo_rerank_Acc5": 0.37751004016064255,
    "wo_rerank_Acc10": 0.5582329317269076,
    "wo_rerank_Mrr": 0.21614560222775872,
    "in_rerank_ratio": 0.6666666666666666,
    "Acc1": 0.06827309236947791,
    "Acc5": 0.3172690763052209,
    "Acc10": 0.5381526104417671,
    "Mrr": 0.18490532779554714,
    "in_final_ratio": 0.6305220883534136
}