{
    "total_queries": 627,
    "wo_rerank_Acc1": 0.1291866028708134,
    "wo_rerank_Acc5": 0.45454545454545453,
    "wo_rerank_Acc10": 0.6523125996810207,
    "wo_rerank_Mrr": 0.26727210883332575,
    "in_rerank_ratio": 0.9059011164274322,
    "Acc1": 0.21690590111642744,
    "Acc5": 0.6140350877192983,
    "Acc10": 0.759170653907496,
    "Mrr": 0.3891464201703299,
    "in_final_ratio": 0.8883572567783095
}