{
    "total_queries": 627,
    "wo_rerank_Acc1": 0.19138755980861244,
    "wo_rerank_Acc5": 0.6331738437001595,
    "wo_rerank_Acc10": 0.8628389154704944,
    "wo_rerank_Mrr": 0.3745934544794733,
    "in_rerank_ratio": 0.9314194577352473,
    "Acc1": 0.4098883572567783,
    "Acc5": 0.8054226475279107,
    "Acc10": 0.8947368421052632,
    "Mrr": 0.5750710871895137,
    "in_final_ratio": 0.9282296650717703
}